business_name,city,phone,services,source_url,website_status,notes
תומר מיזוג אויר,ראשון לציון,072-2598203,"תיקון מזגנים, התקנה, חלקי חילוף, ניקוי עמוק, תחזוקה שוטפת",https://www.d.co.il/80221295/26250/,no_website_verified,"מופיע רק בדפי זהב. שים לב: מספרי 072 בדפי זהב הם לעיתים מספרי מעקב של המדריך — לוודא מספר ישיר בשיחה. נבחר לדמו."
דור מיזוג אוויר,ראשון לציון,050-4888362,"טכנאי מזגנים, תיקונים",https://www.d.co.il/80355364/26250/,no_website_verified,"חיפוש שם העסק מחזיר רק חברות אחרות בשם דומה (עמית-דור, דורלב, דור פתרונות) — אין אתר משלו."
אקלים י.מ מערכות,ירושלים (פסגת זאב),072-3120280 / 050-7149990,"מערכות מיזוג אוויר, התקנה ושירות",https://www.d.co.il/80212839/26210/,no_website_likely,"מופיע בדפי זהב וב-mazgan4u בלבד. כתובת: סביון 3, פסגת זאב."
מוטי מיזוג אוויר,ראשון לציון,,"חנות ושירותי מיזוג אוויר",https://www.d.co.il/80011572/26210/,no_website_likely,"טלפון לא הופיע בתקציר החיפוש — נמצא בדף דפי זהב. לא להתבלבל עם 'מוסך מוטי ניסים' (עסק אחר, יש לו אתר)."
אשל המיזוג,ראשון לציון,,"חנות מיזוג אוויר",https://www.d.co.il/80366207/26210/,no_website_likely,"מופיע רק בדפי זהב. טלפון בדף הרשומה."
ליטל שרותי מיזוג אויר,רמת גן (הפטמן 5),054-5726272,"טכנאי מזגנים, תיקון והתקנה",https://www.t.co.il/Business/Card-300164.html,no_website_verified,"נייד = וואטסאפ כמעט בטוח. מופיע רק בטופר. נבנה דמו: demos/lital-mizug"
תרמוקור,תל אביב,054-6506819,"טכנאי מזגנים, 5 המלצות בטופר",https://www.t.co.il/Business/Card-695159.html,no_website_likely,"נייד = וואטסאפ. לאמת שאין אתר לפני פנייה."
קירור המאה,חדרה / כפר יונה,054-8076630,"מיזוג וקירור",web_search,no_website_likely,"נייד = וואטסאפ. אזור השרון/חדרה."
רוח חדשה שירותי מיזוג,קדימה (שרון),052-4041217,"שירותי מיזוג",web_search,no_website_likely,"נייד = וואטסאפ."
